{
  "best_fitness": [
    0.059734171492184185,
    0.048909169169671585,
    0.048909169169671585,
    0.048909169169671585,
    0.007477118227439683,
    0.007477118227439683,
    0.0024327944333988327,
    0.0024327944333988327,
    0.0024327944333988327,
    0.0024327944333988327,
    0.0024327944333988327,
    0.0019136531940217028,
    0.00018550612380674458,
    0.00018550612380674458,
    0.00018550612380674458,
    0.00018550612380674458,
    0.00018550612380674458,
    0.00018550612380674458,
    0.00018550612380674458,
    0.00018550612380674458,
    0.00018550612380674458,
    0.00018550612380674458,
    0.00018550612380674458
  ],
  "worst_fitness": [
    0.9515150976027804,
    0.7739763573475672,
    0.7606748282973741,
    0.6780372727502807,
    0.6780372727502807,
    0.6780372727502807,
    0.6780372727502807,
    0.5180815073513565,
    0.513496772463258,
    0.5107403810337324,
    0.26399065317496484,
    0.26399065317496484,
    0.26399065317496484,
    0.26399065317496484,
    0.13979719821067182,
    0.13979719821067182,
    0.13979719821067182,
    0.13979719821067182,
    0.09369845134709798,
    0.09369845134709798,
    0.09369845134709798,
    0.07709609298534326,
    0.07709609298534326
  ],
  "mean_fitness": [
    0.5274224577966445,
    0.3450030250851471,
    0.22263226681774553,
    0.19467411261990447,
    0.16505018147981895,
    0.15989528822442794,
    0.15260041436689814,
    0.12398565181017276,
    0.11866326147143702,
    0.09130236128754196,
    0.07053673704850852,
    0.0636968595850635,
    0.06058199830489587,
    0.0526933342631848,
    0.04334860625370372,
    0.039860199327945,
    0.037388064350790215,
    0.037388064350790215,
    0.030830452707869334,
    0.02887240112551933,
    0.028149282858241136,
    0.02626783670120646,
    0.02623849176304476
  ],
  "std_fitness": [
    0.2798872306777623,
    0.25444348158110436,
    0.19484171525071772,
    0.17660968190071055,
    0.1725427765770168,
    0.17220821601666933,
    0.1753635715364332,
    0.14273382736142012,
    0.1434059244057345,
    0.11253720228491691,
    0.06158801174253111,
    0.06382862400007733,
    0.06534213031682229,
    0.058967950974721496,
    0.034457831958543884,
    0.03478651130505979,
    0.03493191138007098,
    0.03493191138007098,
    0.02634697163453867,
    0.026839859576740094,
    0.027249237889538612,
    0.02373022242742155,
    0.023687401947996924
  ],
  "population_snapshots": [
    {
      "iteration": 0,
      "best_fitness": 0.059734171492184185,
      "population_size": 20
    },
    {
      "iteration": 10,
      "best_fitness": 0.0024327944333988327,
      "population_size": 20
    },
    {
      "iteration": 20,
      "best_fitness": 0.00018550612380674458,
      "population_size": 20
    }
  ]
}